{"stats":{"minecraft:dropped":{"minecraft:birch_planks":1,"minecraft:oak_log":32,"minecraft:stone_sword":3,"minecraft:coal":40,"minecraft:cobblestone_slab":4,"minecraft:wooden_hoe":1,"minecraft:andesite":1,"minecraft:stone_pickaxe":1,"minecraft:beef":2,"minecraft:birch_log":16},"minecraft:broken":{"minecraft:wooden_axe":2,"minecraft:wooden_hoe":1},"minecraft:used":{"minecraft:oak_fence":13,"minecraft:wheat_seeds":44,"minecraft:water_bucket":10,"minecraft:ladder":3,"minecraft:stone_pickaxe":92,"minecraft:oak_planks":229,"minecraft:poppy":6,"minecraft:chest":3,"minecraft:wooden_pickaxe":20,"minecraft:oak_door":1,"minecraft:torch":5,"minecraft:dirt":59,"minecraft:sand":21,"minecraft:crafting_table":2,"minecraft:carrot":5,"minecraft:oak_fence_gate":1,"minecraft:glass":7,"minecraft:wooden_axe":105,"minecraft:wooden_hoe":59,"minecraft:bread":2,"minecraft:iron_axe":42,"minecraft:oak_stairs":1,"minecraft:cobblestone":21,"minecraft:furnace":1,"minecraft:oak_sapling":1,"minecraft:cooked_porkchop":2,"minecraft:bucket":10,"minecraft:yellow_bed":2,"minecraft:egg":4,"minecraft:potato":8},"minecraft:crafted":{"minecraft:oak_door":3,"minecraft:oak_planks":352,"minecraft:cooked_porkchop":2,"minecraft:crafting_table":1,"minecraft:wooden_pickaxe":1,"minecraft:furnace":1,"minecraft:bucket":1,"minecraft:bread":2,"minecraft:glass":10,"minecraft:wooden_hoe":1,"minecraft:iron_axe":1,"minecraft:ladder":3,"minecraft:stick":36,"minecraft:iron_ingot":16,"minecraft:iron_pickaxe":1,"minecraft:stone_pickaxe":1,"minecraft:wooden_axe":2,"minecraft:oak_stairs":4,"minecraft:chest":2,"minecraft:oak_fence":12},"minecraft:picked_up":{"minecraft:wooden_axe":1,"minecraft:birch_log":16,"minecraft:crafting_table":1,"minecraft:wheat":9,"minecraft:andesite":1,"minecraft:oak_stairs":1,"minecraft:potato":8,"minecraft:birch_planks":1,"minecraft:oak_log":169,"minecraft:yellow_bed":2,"minecraft:cobblestone_wall":8,"minecraft:wooden_hoe":1,"minecraft:string":2,"minecraft:dirt":89,"minecraft:bone":1,"minecraft:wheat_seeds":53,"minecraft:stone_pickaxe":1,"minecraft:beef":2,"minecraft:oak_fence_gate":1,"minecraft:iron_ore":16,"minecraft:cobblestone_slab":4,"minecraft:stripped_oak_wood":1,"minecraft:poppy":14,"minecraft:chest":1,"minecraft:oak_planks":44,"minecraft:egg":8,"minecraft:book":1,"minecraft:stick":3,"minecraft:oak_door":1,"minecraft:oak_fence":10,"minecraft:torch":8,"minecraft:porkchop":2,"minecraft:sand":31,"minecraft:carrot":25,"minecraft:stone_sword":3,"minecraft:arrow":3,"minecraft:rotten_flesh":8,"minecraft:oak_sapling":10,"minecraft:coal":103,"minecraft:cobblestone":34,"minecraft:ender_pearl":2},"minecraft:mined":{"minecraft:farmland":4,"minecraft:oak_fence":11,"minecraft:crafting_table":1,"minecraft:grass_block":74,"minecraft:poppy":15,"minecraft:chest":1,"minecraft:cobblestone":2,"minecraft:oak_planks":44,"minecraft:diorite":2,"minecraft:carrots":9,"minecraft:iron_ore":17,"minecraft:wheat":16,"minecraft:stripped_oak_wood":1,"minecraft:yellow_bed":2,"minecraft:grass":71,"minecraft:coal_ore":45,"minecraft:potatoes":5,"minecraft:oak_log":73,"minecraft:oak_stairs":1,"minecraft:oak_fence_gate":1,"minecraft:sand":11,"minecraft:dirt":10,"minecraft:stone":38,"minecraft:oak_leaves":9},"minecraft:killed":{"minecraft:pig":1,"minecraft:spider":1,"minecraft:zombie":2,"minecraft:cow":1},"minecraft:custom":{"minecraft:interact_with_furnace":12,"minecraft:mob_kills":5,"minecraft:interact_with_crafting_table":22,"minecraft:play_one_minute":126172,"minecraft:leave_game":1,"minecraft:time_since_death":126172,"minecraft:sleep_in_bed":7,"minecraft:climb_one_cm":2518,"minecraft:time_since_rest":43485,"minecraft:sprint_one_cm":236878,"minecraft:damage_taken":160,"minecraft:walk_one_cm":536548,"minecraft:drop":13,"minecraft:damage_dealt":754,"minecraft:fly_one_cm":23992,"minecraft:open_chest":16,"minecraft:sneak_time":6,"minecraft:walk_under_water_one_cm":1017,"minecraft:jump":467,"minecraft:interact_with_blast_furnace":1,"minecraft:walk_on_water_one_cm":2417,"minecraft:fall_one_cm":1838}},"DataVersion":2230}