{"stats":{"minecraft:dropped":{"minecraft:gravel":3,"minecraft:stone_axe":1,"minecraft:wheat_seeds":1,"minecraft:stone_sword":2,"minecraft:rotten_flesh":8,"minecraft:book":2,"minecraft:light_gray_wool":2,"minecraft:oak_planks":1,"minecraft:stick":2,"minecraft:andesite":1,"minecraft:wooden_shovel":1,"minecraft:sunflower":1,"minecraft:wooden_pickaxe":2,"minecraft:stone_pickaxe":2,"minecraft:iron_pickaxe":1,"minecraft:white_wool":2,"minecraft:bone":2},"minecraft:used":{"minecraft:stone_sword":84,"minecraft:stone_pickaxe":169,"minecraft:stone_shovel":9,"minecraft:wooden_pickaxe":11,"minecraft:iron_sword":40,"minecraft:wooden_shovel":6,"minecraft:cooked_chicken":1,"minecraft:torch":15,"minecraft:dirt":14,"minecraft:crafting_table":7,"minecraft:white_bed":1,"minecraft:granite":1,"minecraft:oak_log":1,"minecraft:oak_stairs":1,"minecraft:iron_axe":76,"minecraft:iron_pickaxe":12,"minecraft:stone_axe":46,"minecraft:cobblestone":5,"minecraft:furnace":21,"minecraft:cooked_porkchop":2,"minecraft:bucket":1,"minecraft:cooked_beef":6},"minecraft:broken":{"minecraft:stone_pickaxe":1},"minecraft:picked_up":{"minecraft:crafting_table":5,"minecraft:feather":1,"minecraft:chicken":1,"minecraft:andesite":1,"minecraft:leather":14,"minecraft:wooden_pickaxe":1,"minecraft:oak_stairs":1,"minecraft:oak_log":116,"minecraft:dirt":14,"minecraft:bone":6,"minecraft:apple":2,"minecraft:wheat_seeds":1,"minecraft:iron_ingot":16,"minecraft:beef":23,"minecraft:stone_pickaxe":1,"minecraft:cooked_chicken":1,"minecraft:iron_ore":57,"minecraft:iron_pickaxe":1,"minecraft:light_gray_wool":2,"minecraft:sugar_cane":6,"minecraft:oak_planks":17,"minecraft:furnace":21,"minecraft:book":1,"minecraft:torch":48,"minecraft:gravel":3,"minecraft:porkchop":2,"minecraft:white_bed":1,"minecraft:stone_sword":1,"minecraft:arrow":6,"minecraft:rotten_flesh":8,"minecraft:granite":1,"minecraft:mutton":3,"minecraft:coal":77,"minecraft:white_wool":2,"minecraft:cobblestone":68,"minecraft:sunflower":1},"minecraft:crafted":{"minecraft:cooked_beef":20,"minecraft:oak_planks":428,"minecraft:wooden_shovel":1,"minecraft:stone_shovel":1,"minecraft:cooked_porkchop":2,"minecraft:crafting_table":64,"minecraft:wooden_pickaxe":1,"minecraft:iron_helmet":1,"minecraft:iron_sword":1,"minecraft:furnace":6,"minecraft:bucket":1,"minecraft:stone_axe":1,"minecraft:cooked_mutton":3,"minecraft:air":0,"minecraft:iron_boots":1,"minecraft:book":2,"minecraft:iron_chestplate":1,"minecraft:paper":6,"minecraft:iron_axe":1,"minecraft:stick":96,"minecraft:iron_ingot":38,"minecraft:iron_pickaxe":1,"minecraft:stone_pickaxe":2,"minecraft:stone_sword":1,"minecraft:iron_leggings":1,"minecraft:torch":48},"minecraft:mined":{"minecraft:white_bed":1,"minecraft:crafting_table":5,"minecraft:torch":4,"minecraft:granite":1,"minecraft:grass_block":6,"minecraft:cobblestone":4,"minecraft:sugar_cane":2,"minecraft:wall_torch":6,"minecraft:furnace":21,"minecraft:iron_ore":55,"minecraft:andesite":1,"minecraft:grass":16,"minecraft:oak_log":117,"minecraft:coal_ore":45,"minecraft:oak_stairs":1,"minecraft:sand":1,"minecraft:gravel":1,"minecraft:dirt":8,"minecraft:stone":64,"minecraft:oak_leaves":8},"minecraft:killed":{"minecraft:pig":1,"minecraft:spider":1,"minecraft:creeper":1,"minecraft:sheep":2,"minecraft:skeleton":6,"minecraft:zombie":7,"minecraft:chicken":1,"minecraft:cow":11},"minecraft:custom":{"minecraft:interact_with_furnace":86,"minecraft:mob_kills":30,"minecraft:interact_with_crafting_table":24,"minecraft:play_one_minute":43420,"minecraft:leave_game":4,"minecraft:time_since_death":43420,"minecraft:time_since_rest":43420,"minecraft:sprint_one_cm":118702,"minecraft:damage_taken":615,"minecraft:walk_one_cm":69215,"minecraft:drop":31,"minecraft:damage_dealt":4608,"minecraft:swim_one_cm":1238,"minecraft:fly_one_cm":254493,"minecraft:player_kills":2,"minecraft:open_chest":3,"minecraft:crouch_one_cm":3029,"minecraft:sneak_time":1381,"minecraft:walk_under_water_one_cm":105,"minecraft:jump":1048,"minecraft:walk_on_water_one_cm":3645,"minecraft:fall_one_cm":26514}},"DataVersion":2230}