{"stats":{"minecraft:used":{"minecraft:diorite":4,"minecraft:stone_sword":77,"minecraft:birch_planks":89,"minecraft:stone_pickaxe":586,"minecraft:chest":2,"minecraft:wooden_pickaxe":41,"minecraft:cobblestone_slab":428,"minecraft:oak_door":9,"minecraft:torch":9,"minecraft:dirt":32,"minecraft:crafting_table":4,"minecraft:carrot":5,"minecraft:cobblestone_wall":57,"minecraft:white_bed":2,"minecraft:wooden_axe":3,"minecraft:birch_slab":1,"minecraft:stone_axe":120,"minecraft:cobblestone":6,"minecraft:beef":6,"minecraft:furnace":2,"minecraft:birch_log":2,"minecraft:cooked_beef":1},"minecraft:broken":{"minecraft:stone_pickaxe":4,"minecraft:stone_axe":1,"minecraft:wooden_pickaxe":1},"minecraft:crafted":{"minecraft:oak_door":3,"minecraft:oak_planks":36,"minecraft:cobblestone_slab":480,"minecraft:crafting_table":2,"minecraft:birch_slab":6,"minecraft:furnace":2,"minecraft:cobblestone_stairs":32,"minecraft:birch_planks":108,"minecraft:stick":16,"minecraft:stone_pickaxe":5,"minecraft:cobblestone_wall":60,"minecraft:stone_sword":1,"minecraft:chest":2,"minecraft:white_bed":1,"minecraft:torch":16,"minecraft:cooked_beef":1},"minecraft:picked_up":{"minecraft:wooden_axe":2,"minecraft:birch_log":45,"minecraft:crafting_table":4,"minecraft:birch_slab":5,"minecraft:andesite":8,"minecraft:leather":9,"minecraft:wooden_pickaxe":1,"minecraft:birch_planks":21,"minecraft:oak_log":155,"minecraft:cobblestone_wall":53,"minecraft:cobblestone_stairs":97,"minecraft:dirt":60,"minecraft:wheat_seeds":4,"minecraft:bell":1,"minecraft:beef":8,"minecraft:stone_pickaxe":4,"minecraft:iron_ore":24,"minecraft:cobblestone_slab":222,"minecraft:poppy":1,"minecraft:birch_sapling":4,"minecraft:oak_planks":3,"minecraft:stick":3,"minecraft:oak_door":8,"minecraft:torch":14,"minecraft:gravel":3,"minecraft:porkchop":4,"minecraft:diorite":4,"minecraft:white_bed":1,"minecraft:carrot":5,"minecraft:rotten_flesh":16,"minecraft:arrow":1,"minecraft:stone_sword":7,"minecraft:stone_shovel":4,"minecraft:stone_axe":2,"minecraft:oak_sapling":13,"minecraft:coal":56,"minecraft:mutton":5,"minecraft:white_wool":6,"minecraft:cobblestone":430,"minecraft:oxeye_daisy":1},"minecraft:mined":{"minecraft:white_bed":1,"minecraft:mossy_cobblestone":1,"minecraft:cobblestone_stairs":1,"minecraft:crafting_table":3,"minecraft:torch":1,"minecraft:grass_block":8,"minecraft:cobblestone":2,"minecraft:diorite":2,"minecraft:oxeye_daisy":1,"minecraft:wall_torch":4,"minecraft:birch_planks":1,"minecraft:carrots":2,"minecraft:cobblestone_wall":5,"minecraft:birch_log":29,"minecraft:iron_ore":13,"minecraft:andesite":1,"minecraft:birch_leaves":5,"minecraft:grass_path":1,"minecraft:bell":1,"minecraft:grass":17,"minecraft:oak_log":97,"minecraft:coal_ore":44,"minecraft:cobblestone_slab":46,"minecraft:gravel":3,"minecraft:dirt":49,"minecraft:stone":429,"minecraft:oak_leaves":29},"minecraft:killed":{"minecraft:sheep":3,"minecraft:zombie":1,"minecraft:cow":3},"minecraft:custom":{"minecraft:interact_with_furnace":6,"minecraft:mob_kills":7,"minecraft:interact_with_crafting_table":15,"minecraft:play_one_minute":125429,"minecraft:leave_game":2,"minecraft:time_since_death":11963,"minecraft:sleep_in_bed":2,"minecraft:climb_one_cm":611,"minecraft:time_since_rest":11992,"minecraft:sprint_one_cm":221887,"minecraft:damage_taken":1202,"minecraft:walk_one_cm":281250,"minecraft:damage_dealt":1333,"minecraft:swim_one_cm":1965,"minecraft:fly_one_cm":171284,"minecraft:open_chest":10,"minecraft:crouch_one_cm":60959,"minecraft:deaths":5,"minecraft:sneak_time":19009,"minecraft:walk_under_water_one_cm":11405,"minecraft:jump":985,"minecraft:walk_on_water_one_cm":12529,"minecraft:fall_one_cm":24220},"minecraft:killed_by":{"minecraft:player":1,"minecraft:skeleton":1,"minecraft:zombie":1}},"DataVersion":2230}