{"stats":{"minecraft:dropped":{"minecraft:birch_planks":18,"minecraft:oak_log":23,"minecraft:crafting_table":1,"minecraft:birch_slab":5,"minecraft:stick":2,"minecraft:cobblestone_stairs":32,"minecraft:diorite":2,"minecraft:wooden_axe":1,"minecraft:stone_axe":1,"minecraft:stone_sword":3,"minecraft:birch_sapling":1,"minecraft:stone_shovel":2,"minecraft:rotten_flesh":13,"minecraft:cobblestone_slab":91,"minecraft:andesite":5,"minecraft:stone_pickaxe":2,"minecraft:wooden_pickaxe":2},"minecraft:broken":{"minecraft:iron_pickaxe":1},"minecraft:used":{"minecraft:stone_sword":28,"minecraft:iron_shovel":18,"minecraft:stone_shovel":3,"minecraft:chest":3,"minecraft:iron_sword":140,"minecraft:cooked_chicken":1,"minecraft:torch":160,"minecraft:dirt":6,"minecraft:carrot":18,"minecraft:iron_hoe":5,"minecraft:wooden_axe":3,"minecraft:iron_axe":16,"minecraft:bow":6,"minecraft:oak_sapling":2,"minecraft:furnace":1,"minecraft:beetroot_seeds":2,"minecraft:wheat_seeds":18,"minecraft:water_bucket":7,"minecraft:stone_pickaxe":48,"minecraft:oak_planks":3,"minecraft:wooden_pickaxe":28,"minecraft:composter":1,"minecraft:mossy_cobblestone":1,"minecraft:crafting_table":3,"minecraft:blast_furnace":2,"minecraft:apple":4,"minecraft:bread":3,"minecraft:iron_pickaxe":353,"minecraft:stone_axe":12,"minecraft:cobblestone":51,"minecraft:cooked_porkchop":5,"minecraft:bucket":8,"minecraft:andesite":2},"minecraft:crafted":{"minecraft:oak_planks":24,"minecraft:stone_shovel":1,"minecraft:cooked_chicken":1,"minecraft:furnace":1,"minecraft:cooked_mutton":4,"minecraft:bow":1,"minecraft:iron_boots":1,"minecraft:iron_axe":1,"minecraft:iron_hoe":1,"minecraft:stone_pickaxe":1,"minecraft:cooked_beef":4,"minecraft:cooked_porkchop":5,"minecraft:crafting_table":1,"minecraft:wooden_pickaxe":1,"minecraft:iron_helmet":1,"minecraft:iron_sword":1,"minecraft:bucket":1,"minecraft:stone_axe":1,"minecraft:bread":1,"minecraft:air":0,"minecraft:iron_chestplate":1,"minecraft:stick":72,"minecraft:iron_ingot":93,"minecraft:iron_pickaxe":2,"minecraft:stone_sword":1,"minecraft:iron_shovel":1,"minecraft:iron_leggings":1,"minecraft:torch":196},"minecraft:picked_up":{"minecraft:iron_chestplate":1,"minecraft:crafting_table":3,"minecraft:wheat":21,"minecraft:chicken":1,"minecraft:string":23,"minecraft:iron_axe":2,"minecraft:iron_leggings":1,"minecraft:iron_shovel":2,"minecraft:beetroot":1,"minecraft:beef":4,"minecraft:cobblestone_slab":91,"minecraft:light_gray_wool":1,"minecraft:iron_pickaxe":3,"minecraft:chest":3,"minecraft:birch_sapling":1,"minecraft:iron_boots":1,"minecraft:stick":25,"minecraft:composter":1,"minecraft:torch":31,"minecraft:acacia_log":7,"minecraft:porkchop":5,"minecraft:diorite":9,"minecraft:carrot":63,"minecraft:redstone":16,"minecraft:stone_sword":2,"minecraft:arrow":10,"minecraft:rotten_flesh":30,"minecraft:stone_shovel":1,"minecraft:beetroot_seeds":2,"minecraft:mutton":4,"minecraft:white_wool":3,"minecraft:cobblestone":286,"minecraft:cooked_beef":8,"minecraft:birch_slab":5,"minecraft:andesite":12,"minecraft:leather":6,"minecraft:birch_planks":31,"minecraft:oak_log":29,"minecraft:gunpowder":1,"minecraft:cobblestone_stairs":32,"minecraft:dirt":14,"minecraft:cooked_mutton":4,"minecraft:bone":20,"minecraft:apple":1,"minecraft:bow":2,"minecraft:wheat_seeds":38,"minecraft:iron_ingot":19,"minecraft:stone_pickaxe":1,"minecraft:iron_ore":133,"minecraft:acacia_sapling":2,"minecraft:oak_planks":3,"minecraft:iron_sword":2,"minecraft:cooked_porkchop":3,"minecraft:gravel":1,"minecraft:sand":15,"minecraft:blast_furnace":2,"minecraft:gold_ore":3,"minecraft:mossy_cobblestone":1,"minecraft:diamond":8,"minecraft:iron_helmet":1,"minecraft:oak_sapling":2,"minecraft:coal":153,"minecraft:sunflower":1},"minecraft:mined":{"minecraft:diamond_ore":8,"minecraft:acacia_log":7,"minecraft:grass_block":7,"minecraft:composter":1,"minecraft:redstone_ore":4,"minecraft:carrots":10,"minecraft:iron_ore":102,"minecraft:andesite":6,"minecraft:stone":181,"minecraft:acacia_leaves":2,"minecraft:crafting_table":2,"minecraft:torch":4,"minecraft:blast_furnace":2,"minecraft:chest":3,"minecraft:cobblestone":1,"minecraft:diorite":8,"minecraft:birch_planks":16,"minecraft:wheat":13,"minecraft:grass":3,"minecraft:oak_log":6,"minecraft:coal_ore":108,"minecraft:beetroots":1,"minecraft:dirt":6,"minecraft:sand":15,"minecraft:cobweb":22,"minecraft:gold_ore":3,"minecraft:oak_leaves":2},"minecraft:killed":{"minecraft:cave_spider":1,"minecraft:skeleton":7,"minecraft:chicken":1,"minecraft:pig":3,"minecraft:zombie_villager":1,"minecraft:sheep":2,"minecraft:zombie":12,"minecraft:cow":2},"minecraft:custom":{"minecraft:mob_kills":30,"minecraft:animals_bred":3,"minecraft:interact_with_crafting_table":17,"minecraft:bell_ring":13,"minecraft:leave_game":4,"minecraft:time_since_death":10480,"minecraft:climb_one_cm":7940,"minecraft:sprint_one_cm":16376,"minecraft:walk_one_cm":878792,"minecraft:drop":23,"minecraft:talked_to_villager":13,"minecraft:deaths":2,"minecraft:sneak_time":3049,"minecraft:walk_under_water_one_cm":1483,"minecraft:jump":1249,"minecraft:interact_with_brewingstand":2,"minecraft:interact_with_blast_furnace":22,"minecraft:walk_on_water_one_cm":22214,"minecraft:interact_with_furnace":10,"minecraft:play_one_minute":131797,"minecraft:sleep_in_bed":5,"minecraft:time_since_rest":10517,"minecraft:damage_taken":1622,"minecraft:damage_dealt":5129,"minecraft:swim_one_cm":7369,"minecraft:fly_one_cm":38578,"minecraft:player_kills":1,"minecraft:open_chest":51,"minecraft:crouch_one_cm":12395,"minecraft:fall_one_cm":16496},"minecraft:killed_by":{"minecraft:player":2}},"DataVersion":2230}